iter	Logloss
0	0.364006391911	0.3381806682
