iter	AUC	Logloss	AUC	Logloss
0	0.7264429629	0.3656176488	0.7179737985	0.3666130135
1	0.762273401	0.3467808259	0.768927604	0.3431471405
