{
    "Accuracy": 0.8751216347713267,
    "Precision": 0.6919720767888308,
    "Recall": 0.2252840909090909,
    "F1": 0.3399057008144021
}