{
    "Accuracy": 0.8763379824845929,
    "Precision": 0.6913680781758957,
    "Recall": 0.2411931818181818,
    "F1": 0.35762426284751475
}