{
    "Accuracy": 0.8776759649691859,
    "Precision": 0.6740484429065744,
    "Recall": 0.2767045454545455,
    "F1": 0.39234642497482375
}