{
    "Accuracy": 0.8772299708076549,
    "Precision": 0.6450471698113207,
    "Recall": 0.31079545454545454,
    "F1": 0.419478527607362
}